{"cameraMode":{"drawMode":0,"name":"Shaded","section":"Shading Mode"},"sceneLighting":false,"audioPlay":false,"sceneViewState":{"m_AlwaysRefresh":false,"showFog":true,"showSkybox":false,"showFlares":true,"showImageEffects":true,"showParticleSystems":true,"showVisualEffectGraphs":true,"m_FxEnabled":true},"in2DMode":false,"pivot":{"x":-32.360084533691409,"y":1.7051007747650147,"z":16.88006591796875},"rotation":{"x":-0.05060207098722458,"y":0.9481580853462219,"z":-0.19555790722370149,"w":-0.24534285068511964},"size":1.0862776041030884,"orthographic":false}